English,Spanish,which bus goes to the beach,qué autobús va a la playa
Spanish,English,es tan duro se dice,It is so hard to say
Spanish,English,despues,after
English,Spanish,can i ask you a question,puedo hacerte una pregunta
Spanish,English,aún queda camino por recorrer,still some way to go
Spanish,German,cachonda,geil
Spanish,English,":
Yo no temo a la parca; le temo al aburrimiento",":
I do not fear the reaper; I fear boredom"
Spanish,English,La niña le susurró algo al oído de su amiga y ambas empezaron a reír.,The girl whispered in the ear of her friend and both started laughing.
Spanish,English,"Porque te acuerdas siempre de olvidarme 
que no recuerdas mi cara 
que nunca has servido ningún plato 
que nunca sirves para nada","Because you always remember to forget
you do not remember my face
you've never served any dish
never good for nothing"
Spanish,English,se fue a la cama,Went to bed
Spanish,English,dice que no,he says no
Spanish,English,aún,yet
Spanish,English,abra,open
Spanish,English,dice que si,It says yes
Spanish,English,aún queda,remains
Spanish,German,se vuelo,fliegt
Spanish,German,se vuelvo a enamorar,werde ich immer lieben
Spanish,English,después,after
English,German,cessation,Einstellung
Spanish,English,"no significa nada para mi, pero no puedo olvidarla",Does not mean anything to me but I can not forget it
Spanish,English,lo compré en la tienda,I bought it at the store
Spanish,English,lo compré,I bought it
Spanish,English,lo mejor es estudiar mucho,It is best to study hard
Spanish,English,era un hombre simpático,He was a nice man
Spanish,English,Nunca le dije la verdad,I never told him the truth
Spanish,English,Nunca le dijo la verdad,He never told her the truth
Spanish,English,que no recuerdas mi cara,You do not remember my face
Spanish,English,"Porque te acuerdas siempre de olvidarme 
que no recuerdas mi cara","Because you always remember to forget me
You do not remember my face"
Spanish,English,se hace lo que se puede,you do what you can
Spanish,English,he podido hacer lo que me gusta,I could do what I like
Spanish,English,sí esperaba,Yes i was waiting
Spanish,English,sí esperaba por ti,Yes i was waiting for you
Spanish,German,cuesta abajo,bergab
German,Spanish,gib mir deine Telefonnummer damit ich dich morgen anrufen kann,déme su número de teléfono para que yo pueda llamar mañana
German,Spanish,wie komme ich zum Strand,Como llegar a la playa?
Spanish,English,Coged el paraguas para que no mojéis,Gather umbrella that you may not mojéis
Spanish,English,"Está lloviendo? -No,  sólo están cayendo cuatro gotas.","It's raining? No, they are only four drops falling."
Spanish,English,empleamos,we employ
Spanish,English,Está lloviendo a mares.  la lluvia,It's raining buckets. The rain
Spanish,English,lloviendo,raining
English,Spanish,can i ask a question,Puedo hacer una pregunta
Spanish,English,me cuesta entender,its hard for me to understand
English,Spanish,its hard for me to understand,Es difícil para mí entender
English,Spanish,Where can I charge my phone,¿Dónde puedo cargar mi teléfono?
English,Spanish,ha sido un placer trabajar contigo,Ha sido un placer
English,Spanish,I have back pain,tengo dolor de espalda
English,Spanish,i can tell you something,puedo decirte algo
Spanish,English,girar derecho,Turn right
Spanish,English,fui,I was
Spanish,English,fuiste,you were
Spanish,English,fuiste a la playa,you went to the beach
English,Spanish,fuiste a la playa,Fuiste a la playa
Spanish,English,fuisteis,You were
English,Spanish,fuisteis,Fuisteis
Spanish,English,me lavo los dientes,I brush my teeth
English,Spanish,me lavo los dientes,Me lavo los dientes
Spanish,English,próximo,next
Spanish,English,y sea usted puntual,And be punctual
Spanish,English,me lavo,I wash myself
Spanish,English,tome asiento por favor,Please take a seat
Spanish,English,vengo para informarme sobre el anuncio que ustedes publicaron ayer en el periodico,I come to inform me about the announcement that you published yesterday in the newspaper
Spanish,English,cual es son tus objetivos,What are your goals
English,Spanish,por su cuenta,Por su cuenta
English,Spanish,por mi cuenta,Por mi cuenta
Spanish,English,se acaba,it's over
English,Spanish,se acaba,Se acaba
English,Spanish,salario que recibiste,Salario que recibiste
English,Spanish,él me dice que no compre el coche,Él me dice que no compre el coche
Spanish,English,haga lo que haga,whatever you do
Spanish,English,aunque sea un poco,Even a little
Spanish,English,me pregunto que habrá pasado con ello,I wonder what happened to it?
English,Spanish,me pregunto que habrá pasado con ello,Me pregunto que habrá pasado con ello
Spanish,English,orgullo,pride
English,Spanish,tampoco,Tampoco
Spanish,English,la llame te,I called you
English,Spanish,por encima,Por encima
English,Spanish,si sacar,Sí sacar
Spanish,English,sacar,take
Spanish,English,por tanto,so
English,Spanish,therefore,por lo tanto
Spanish,English,con truco,With trick
Spanish,English,disponibilidad para viaja,Travel availability
Spanish,English,detrás,behind
Spanish,English,se encuentra,it's found
Spanish,English,tanto asi que,so much so that
Spanish,English,quieres que te cuente un cuetno. tiro de free me y lo invento,You want to tell you a story. free throw me and invention
Spanish,English,"Qué dulzura de libritos he encontrado perfectos para los bebés. Se trata de una colección de libros de cartoné con títere de dedo incluido llamados ""Mi nido"", ""Mi prado"", ""Mi flor"" y ""Mi laguna"". Sus autoras son Sara Gillingham y Lorena Siminovich. Están editados por Catapulta Ediciones","What sweetness of little books have found perfect for babies. It is a collection of hardback books with finger puppet included called ""My nest"", ""My Meadow"", ""My flower"" and ""My pond"". Its authors are Sara Gillingham and Lorena Siminovich. They are published by Editions Catapult"
Spanish,English,trata,about
Spanish,English,se dice,It is said that
English,Spanish,It is so hard to say,Es tan difícil decir
Spanish,English,recorrer,travel
Spanish,English,queda,remains
Spanish,English,quedar,stay
Spanish,English,recorrer,browse
Spanish,English,me paro y,I stop and
English,Spanish,you have spoken,usted ha hablado
English,Spanish,you said,tu dijiste
Spanish,English,"yo he hablado, tu has hablado","I have spoken, you've spoken"
Spanish,English,yo he ablando,I have spoken
Spanish,English,descansa en paz,rest in peace
Spanish,English,cachorro humano,human puppy
Spanish,English,tanto,so much
English,Spanish,so,asi que
Spanish,English,como tanto,as both
Spanish,English,no os lleváis de la chica,do not you get along with the girl
Spanish,English,lleváis,you carry
Spanish,English,"En  los  remotos  e  inexplorados  confines  del  arcaico  extremo  occidental  de  la  espiral  de  la  galaxia,  brilla  un  pequeño  y  despreciable  sol  amarillento","In remote and unexplored reaches of the archaic western end of the spiral galaxy shines a small, negligible yellow sun"
English,Spanish,that is great,que es grande
English,Spanish,how do i get to the beach,¿Cómo puedo llegar a la playa
Spanish,German,destacadas,hervorragend
Spanish,English,destacadas,Highlighted
English,Spanish,decirte que yo,Decirte que yo
Spanish,English,decirte que yo,Tell you that I
English,Spanish,sugerencia,Sugerencia
Spanish,English,por encima,above
Spanish,English,tampoco,neither
Spanish,English,que habrá,What will be
Spanish,English,aunque,although
Spanish,English,seguir,follow
Spanish,English,aunque nadie,Although nobody
Spanish,English,escolar,school
Spanish,English,cubrir,cover
Spanish,English,primavera,spring
Spanish,English,cuándo es primavera las campos se cubren de flores,When is spring the fields are covered with flowers
Spanish,English,él me dice que no compre el coche,He tells me not to buy the car.
Spanish,English,salario que recibiste,Salary you received
Spanish,English,puesto,post
Spanish,English,por su cuenta,On your own
Spanish,English,sugerencia,suggestion
Spanish,English,no yo te dije. No lo hiciste.,No i told you You did not do it.
English,Spanish,no yo te dije. No lo hiciste.,No yo dije No lo hiciste.
Spanish,English,de luto,mourning
Spanish,English,mientras,While
Spanish,English,empresa te ha encontrado buscando en nuestra base de datos perfiles con tus características.2 empresas visitaron tu perfil a través de tu candidatura a una de sus ofertas. Descubre qué empresas han visitado tu perfil y las palabras que sirvieron para encontrarte.,Company has found you searching in our database profiles with your characteristics. 2 companies visited your profile through your candidacy to one of their offers. Find out which companies have visited your profile and the words that served to find you.
Spanish,English,mientras tanto,in the meantime
Spanish,English,lo vemoramos hacer,We will do it again
Spanish,English,lo vemoramos,We will do it
Spanish,English,así que,so
Spanish,English,una truco,A trick
Spanish,English,me daz,Give me
English,Spanish,does this train go to,Este tren va a
Spanish,English,amenazandome,threatening me
English,Spanish,the next day,el día siguiente
Spanish,English,a próxima,The next
Spanish,English,ha sido,has been
English,Spanish,charge,cargar
Spanish,English,cuestan,they cost
Spanish,English,no a veces de elefantes beben milk,Sometimes elephants drink milk
Spanish,English,como llegar a,how to get to
Spanish,English,fondo,background
Spanish,English,enlaces,Links
Spanish,English,connection compartida,Shared connection
English,Spanish,a private person can let their apartment,Una persona privada puede dejar su apartamento
English,Spanish,i am looking for sun protection cream,Busco crema de protección solar
Spanish,English,añadir,Add
Spanish,English,leidos,Read
Spanish,English,se vende,for Sale
Spanish,English,borrar,delete
Spanish,English,añadir huésped,Add guest
Spanish,English,menos mal,goodness
Spanish,English,puso en marcha,started
Spanish,English,puso fin,Ended
Spanish,English,ya que no ha habido,Since there have been no
Spanish,English,Espero que el próximo Domingo que vaya al patinar haya más gente y quiero fotos ya que hoy no ha habido.,I hope that next Sunday I go to skating there are more people and I want photos since today there has not been.
Spanish,English,ya leo que lo pasasteis genial hoy.que envidia,I already read that you had a great time today. That envy
Spanish,English,No hay nada que disculpar.La culpa no es tuya Edu.,There is nothing to apologize for. The fault is not yours Edu.
English,Spanish,thanks for having me in the group.I am looking forward to meeting you all.,Gracias por tenerme en el grupo. Espero conocerlos a todos.
English,Spanish,can i have one of each,Puedo tener uno de cada
English,Spanish,how do i get to,como llego a
English,Spanish,how much does this cost,Cuánto cuesta este
English,Spanish,Buenos dias.thanks for having me in the group.I am looking forward to meeting you all.kai,Buenos dias Gracias por tenerme en el grupo. Espero conocerlos a todos. Kai
Spanish,English,que vaya bien,That goes well
English,Spanish,twenty,veinte
Spanish,English,desde,since
English,Spanish,one ticket to atocha,Un boleto para atocha
English,Spanish,can I take a picture for my mother to show her the great fish you have,Puedo tomar una foto para mi madre para mostrarle el gran pez que tiene
English,Spanish,"one hundred thirty, one hundred forty, one hundred fifty, one hundred sixty","Ciento treinta, ciento cuarenta, ciento cincuenta, ciento sesenta"
Spanish,English,tamaño,size
English,Spanish,ashtray,cenicero
Spanish,English,que te hagas,What do you do
English,Spanish,the plates are not mine,Las placas no son mías
Spanish,English,es tuyo,it's yours
English,Spanish,do you know what i need to apply for resistencia,Sabes lo que necesito para aplicar resistencia
English,Spanish,can i do everything in aravaca,Puedo hacer todo en aravaca
Spanish,English,cuanto.cual.cuando.quien.quienes.cuales.,how much. which. when. who. Who. which.
English,Spanish,do you have prepaid cards ready to use,¿Tiene tarjetas prepagas listas para usar?
English,Spanish,do you speak english,habla usted Inglés
Spanish,English,es tuya,it's yours
English,Spanish,i start working next month in spain do i need any paper work from you for my employer,Empiezo a trabajar el mes que viene en España ¿necesito algún trabajo de papel de usted para mi empleador
English,Spanish,you have saved me from fainting,Me has salvado de desmayarme
Spanish,English,pasear,take a walk
English,Spanish,tomorrow i will be at the retiro again,Mañana estaré en el retiro de nuevo
English,Spanish,on my way home with cercanias.so tired,En mi camino a casa con cercanias. Tan cansado
English,Spanish,can i take this with me,Puedo llevarme esto conmigo
English,Spanish,what time is best for Retiro?,¿Qué hora es mejor para Retiro?
English,Spanish,it so hot outside.i dont know what to do?the pool in my house is broken.,Es tan caliente afuera. ¿no se que hacer? La piscina de mi casa está rota.
English,Spanish,i was thinking about to take my skates to madrid rio and then later to come to Retiro,Estaba pensando en llevar mis patines a madrid rio y luego a venir a Retiro
English,Spanish,ok.I will give it a try,De acuerdo. Voy a darle una oportunidad
English,Spanish,it seem to make no difference.whatsapp still works,Parece no hacer ninguna diferencia. Whatsapp aún funciona
English,Spanish,yes twice already.When I go for a cafe I also take him with me.,Sí dos veces. Cuando voy a un café también lo llevo conmigo.
English,Spanish,do you have books to learn spanish,Tienes libros para aprender español
English,Spanish,I like to eat something,Me gusta comer algo
English,Spanish,I definitely bring my skates,Definitivamente traigo mis patines
English,Spanish,I definitely,Yo definitívamente
Spanish,English,Ni idea...te animarias a patinar????,No idea ... would you dare to skate ????
Spanish,English,encontrarme,To meet
Spanish,English,Hola todos.Me gusta conocer gente que le gusta hablar inglés pero también mejorar mi español.¿La reunión es hoy?,Hello everyone. I like to meet people who like to speak English but also to improve my Spanish. Is the meeting today?
English,Spanish,meet,reunirse
Spanish,English,aproximadamente,approximately
German,Spanish,ungefähr,sobre
English,Spanish,around what time are you there,A que hora estas ahi
Spanish,English,"Venga, menos cachondeito y mas patinar!!Que hoy hay Pink.","Come on, less fooling and more skating !! That there is Pink today."
Spanish,English,"Venga, menos cachondeo y mas patinar","Come on, less fooling and more skating"
English,Spanish,i start,empiezo
English,Spanish,outside,fuera de
English,Spanish,can't wait to,No puedo esperar a
Spanish,English,suelo,floor
English,Spanish,one ticket,un boleto
English,Spanish,how many meters,Cuantos metros
Spanish,English,pasarlo bien,have fun
English,Spanish,i have a question.is there a place  where I can buy,tengo una pregunta. Hay un lugar donde puedo comprar
Spanish,English,nos vemos,see you
English,Spanish,meeting point,punto de encuentro
English,Spanish,if you want some pasta.take it,Si quieres algo de pasta. tómalo
Spanish,English,espere,I waited
Spanish,English,tuvierion,You are
English,Spanish,where,dónde
English,Spanish,where are you,Dónde estás
Spanish,English,adonde vas ahora,where are you going now
Spanish,English,voy,I go
English,Spanish,I am more in the listening stage.But I am getting better everyday.,Estoy más en la fase de escucha. Pero estoy mejorando cada día.
English,Spanish,blister,ampolla
English,Spanish,i only speak very little  spanish,Solo hablo muy poco español
Spanish,English,les,them
English,Spanish,where do you want to go,a donde quieres ir
English,Spanish,i have a question,tengo una pregunta
Spanish,English,lo que dicho,What I said
English,Spanish,paperback book,Libro de bolsillo
English,Spanish,can i have,¿puedo tener
Spanish,English,quiero aprender español,I want to learn Spanish
English,Spanish,can I help,puedo ayudar
Spanish,English,quiero tomar un cafe para afuera,I want to have a coffee outside
Spanish,English,que no cunda de pánico,Do not panic
Spanish,English,el tiene que de saber,He has to know
Spanish,English,bueno dia,good day
Spanish,English,buenos dias,good morning
Spanish,English,tiene que ser,must be
Spanish,English,tiene que,has to
Spanish,English,tiene que ver con,is related to
Spanish,English,mudó de londres,Changed london
Spanish,English,algodón,cotton
English,Spanish,is there a store around.,Hay una tienda alrededor.
Spanish,English,flotando,Floating
Spanish,English,carreteraspavo,Highways
Spanish,English,al parecer,apparently
Spanish,English,salió,he left
Spanish,English,como se dice,How do you say
Spanish,English,"Venga, menos cachondeito y mas patinar","Come on, less dumb and more skating"
Spanish,English,quieres?,you want?
Spanish,English,vincular,link
Spanish,English,eligit,Choose
English,Spanish,weight,peso
Spanish,English,ambos,both of them
English,Spanish,is this the last stop,Es esta la última parada
English,Spanish,there is no chance to change today,No hay oportunidad de cambiar hoy
English,Spanish,i like to pick up,me gusta de recogida
Spanish,English,pena,pain
English,Spanish,do you like to see me this weekend,Te gusta verme este fin de semana
English,Spanish,are you going to pozuelo,¿es usted va a Pozuelo
English,Spanish,why did he not stop,¿por qué él no deje de
Spanish,English,carnet,license
Spanish,English,semáforo,traffic light
Spanish,English,enviar,submit
English,Spanish,do you have a woman that speaks english,¿Tienes una mujer que hable inglés?
English,Spanish,do you have a person that speaks english,Tienes una persona que hable inglés?
English,Spanish,you have a woman that speaks english,Tienes una mujer que habla ingles
English,Spanish,fill out,llenar
English,Spanish,highway,autopista
Spanish,English,mudó,Mute
Spanish,English,aclarado,cleared up
Spanish,English,no me tires,Do not take me away
Spanish,English,carreteraspavo real,Real highways
Spanish,English,que tengas,That you have
Spanish,English,rota,broken
English,Spanish,i don't understand what you mean,No entiendo lo que quieres decir
Spanish,English,no me tales,I do not like them
Spanish,English,no me vale,this is not useful for me
Spanish,English,quejas de deglucion,Swallowing complaints
Spanish,English,harías cualquier cosa,You would do anything
Spanish,English,ambas,Both
Spanish,English,suficiente,enough
Spanish,English,hombros,Shoulders
Spanish,English,anillas,Rings
Spanish,English,rodillas,knees
Spanish,English,furgonetas,Vans
German,Spanish,the sides short and the top longer.and the back fasson,Los lados cortos y la parte superior más largo. y la posterior Fasson
English,Spanish,i am here to see the flat.i am to early.i can come back at 5,Estoy aquí para ver el piso. Soy temprano Puedo regresar a las 5
English,Spanish,can you repeat what you said,Puedes repetir lo que dijiste
English,Spanish,Ok I have somebody call you that speaks spanish,"Ok, tengo alguien que te llame que habla español"
English,Spanish,I am calling for the apartment at golondrina number 59,Estoy llamando para el apartamento en golondrina número 59
Spanish,English,estaban,They were
Spanish,English,deberia,should
Spanish,English,no me toques,do not touch me
Spanish,English,tales como,such as
Spanish,English,tales,such
English,Spanish,i am just looking,solo estoy viendo
Spanish,English,tienes un minuto?,You got a minute?
English,Spanish,do you have,tienes
Spanish,English,los todos modos,Anyway
Spanish,English,sino que,but
Spanish,English,fijarse,set
Spanish,English,fijar,pin up
Spanish,English,lo que de dices,What you say
Spanish,English,hasta aqui,up to this point
Spanish,English,lo que hace es,What he does is
Spanish,English,para que busque,To look for
Spanish,English,ya no este,No longer this
Spanish,English,ocurre,It happens
Spanish,English,muchos casos,many cases
Spanish,English,de echo,in fact
English,Spanish,i changed my mind,Cambié de opinión
Spanish,English,no te pago,I do not pay you
Spanish,English,ambos casos,both cases
English,Spanish,please send again to,Por favor envíe de nuevo a
Spanish,English,de vez in cuando,Once in a while
Spanish,English,subo,I upload
Spanish,German,sepia a la plancha,Tintenfisch
Spanish,German,setas al cabrales,Pilze cabrales
Spanish,German,brocheta de pollo,aufgespießt Huhn
Spanish,English,apoyar,support
Spanish,English,perfiles,Profiles
Spanish,English,lo que sea,whatever
Spanish,English,lo qual es,Which is
Spanish,English,no se pide,No request
English,Spanish,can i buy a ticket for a week,¿puedo comprar un billete de una semana
Spanish,English,desplazando,Displacing
Spanish,English,seguir desplazando,Keep moving
Spanish,English,equipo,equipment
English,Spanish,tools,herramientas
German,Spanish,werkzeug,herramienta
Spanish,German,puesto,Post
Spanish,English,esconder,hide
Spanish,English,edades,Ages
Spanish,English,ambicioso,ambitious
English,Spanish,broken,roto
English,Spanish,see you tomorrow.i bought a bike today.so I be quicker.,te veo mañana. Compré una bicicleta hoy Así que seré más rápido.
English,Spanish,see you tomorrow,te veo mañana
English,Spanish,done it,hecho
English,Spanish,homework,deberes
Spanish,English,a la venta,for sale
English,Spanish,let's have the Spanish  at your house tomorrow,vamos a tener el español en su casa mañana
Spanish,English,sillín,saddle
English,Spanish,bees,las abejas
Spanish,English,de todos modos,anyway
English,Spanish,it is the second time,Es la segunda vez
English,Spanish,i miss you,Te echo de menos
Spanish,German,rojada merluza,rojada Seehecht
Spanish,English,rebozada,Breaded
Spanish,English,viviendas,households
Spanish,English,cansago,Tired
English,Spanish,something we can share,Algo que podemos compartir
Spanish,English,por eso,because
English,Spanish,hopefully,Ojalá
Spanish,English,ojalá pronto,I hope so soon
Spanish,English,es mutuo,it is mutual
Spanish,English,serie de acontecimientos,Series of events
Spanish,English,"Salvo una sola vez. Ocurrió cierta tarde de primavera, unos dos años antes.","Except once. It happened some spring afternoon, about two years earlier."
Spanish,English,de ese color sólo adquieren con mucho ejercicio y jabón muy caro.,Of that color only acquire with much exercise and very expensive soap.
Spanish,English,elige,choose
English,Spanish,you choose a password for me,Elige una contraseña para mí
English,Spanish,and what do you study,y que estudias
Spanish,English,cobertura,coverage
Spanish,English,rendimiento,performance
Spanish,English,basandonos,Based
Spanish,English,suspension,suspension
English,Spanish,are you expecting someone,Esperas a alguien
Spanish,English,asi que,so
Spanish,English,bastante claro,quite clear
English,Spanish,but nothing happens,pero nada pasa
Spanish,English,dijiste,you said
Spanish,English,donde pone,Where does
English,Spanish,hopefully soon,espero que pronto
English,Spanish,i have to get the last train,Tengo que coger el último tren
English,Spanish,i like to change this,me gustaría cambiar este
Spanish,English,la vida nocturna,night life
Spanish,English,le ponga,I put
Spanish,English,me de igual todo,I do not care about everything
Spanish,English,ojala,hopefully
Spanish,English,salir,get out
Spanish,English,tienes herramientas,Do you have tools
English,Spanish,this is the book a told you i like,Este es el libro que te dije que me gusta
Spanish,English,nos llamamos,We call each other
Spanish,English,me llaman la atención,they interest me
Spanish,English,incertidumbre,uncertainty
Spanish,English,flujo,flow
Spanish,English,aislamiento,isolation
Spanish,English,debido,due
Spanish,English,meter,put
Spanish,English,deben ser,must be
Spanish,English,dicha,Said
Spanish,English,revision cruzada,Cross review
Spanish,English,entregará,Will deliver
Spanish,English,calidad,quality
Spanish,English,me ha llegado a la,I have arrived at
Spanish,English,me ha llegado a la patata,The potato has come to me
Spanish,English,creo que tengo que cavar otra tunel para zookeeper,I think i have to dig another tunnel for zookeeper
Spanish,English,tienes herramientas,you have tools
Spanish,English,una cosilla,A little thing
English,Spanish,rope,cuerda
Spanish,English,nocturno,night
Spanish,English,hazlos mejores,Make them better
Spanish,English,compruebas,You verify
Spanish,English,volver,return
Spanish,English,chatear,To chat
Spanish,English,quedar con amigos,stay with friends
English,Spanish,we are staying with friends,Nos quedamos con amigos
Spanish,English,nosotros escuchamos música,we listen to music
Spanish,English,te aviso esta a tope los domingos,"I warn you, it's full on Sundays"
Spanish,English,a tope de calidad,Top quality
English,Spanish,alberto doesn't drive well,Alberto no conduce bien
Spanish,English,llamada,call
English,Spanish,we went to the cinema,fuimos al cine
Spanish,English,nosotros escuchamos musica,we listen to music
English,Spanish,premiere,estreno
English,Spanish,release,lanzamiento
English,Spanish,launching,lanzamiento
Spanish,English,lanzar,throw
English,Spanish,deliver,entregar
Spanish,English,puesta,put
English,Spanish,bastante,Bastante
Spanish,English,tiroteo,Shooting
Spanish,English,tareas,chores
Spanish,English,assusados,Astonished
Spanish,English,recursos,means
Spanish,English,claves,Keys
Spanish,English,alcanzar,reach
English,Spanish,achieve,lograr
Spanish,English,macizos,Massifs
Spanish,English,vinculado,linked
Spanish,German,inercia,Trägheit
Spanish,English,plenamente,Fully
Spanish,English,respetuosa,Respectful
Spanish,English,influye,influences
German,Spanish,was macht ihr an wochenenden,Que haces los fines de semana
Spanish,German,esquiar,Zum skifahren
Spanish,English,menudo,often
Spanish,English,agujetas,shoelace
Spanish,English,aqui destacamos sobre las,here we highlight on
Spanish,English,cuidate,Beware
Spanish,English,el tapiz,the skin
Spanish,English,lenta,slow
Spanish,English,los leones no comen hierba,Lions do not eat grass
Spanish,English,mito de entrenamiento,myth training
Spanish,English,antes,before
Spanish,English,a corto plazo,short term
English,Spanish,a corto plazo,Un corto plazo
Spanish,English,manera,way
Spanish,English,corra,Run
Spanish,English,fuerzo,Force
Spanish,English,mantenerlo,Keep it
Spanish,English,sale mal,goes wrong
Spanish,English,encarras,charges
Spanish,English,edifico,building
Spanish,English,lugar,place
German,Spanish,was machen wir an wochenenden,que hacemos los fines de semana
Spanish,English,alojarse,stay
Spanish,English,furgoneta,van
Spanish,English,empaste dental,dental filling
Spanish,English,costando,costing
Spanish,English,con ciencia,awareness
Spanish,English,apoyo,support for
Spanish,English,mas peso,more weight
Spanish,English,valientes,brave
Spanish,English,estirar,to stretch
Spanish,English,mito de entrenamiento,training myth
Spanish,English,aqui destacamos sobre las,here we highlight the
Spanish,English,agujetas,shoelaces
English,German,formation,Bildung
Spanish,English,y así Noé tras el diluvio,and so Noah after the flood
Spanish,English,no me digas,do not tell me
Spanish,German,junio,juni
Spanish,German,lonchas,scheiben
German,Spanish,ziegenkäse,queso de cabra
Spanish,German,encarras,Gebühren
Spanish,English,trasteros,storerooms
Spanish,German,bachita,kleine Hündin
Spanish,German,un truco,ein Trick
Spanish,German,impone,auferlegt
Spanish,English,impone,imposes
Spanish,English,irrumpe,bursts
Spanish,English,pizarra,Board
Spanish,English,tarea,homework
Spanish,English,coja,fuck
Spanish,English,una peticion de equipo,a team request
Spanish,English,subtareas,subtasks
Spanish,English,envía,sends
Spanish,English,envíar,submit
German,Spanish,adern,venas
Spanish,English,terrenos,land
Spanish,English,lo que tenemos,what we have
Spanish,German,no me digas,sag es mir nicht
German,Spanish,can I take a picture for my mother to show her the great fish you have,puedo tomar una foto para que mi madre le muestre el gran pez que tiene
German,Spanish,darf ich ein foto machen,Puedo tomar una foto
English,Spanish,my working hours have changed.i have to pick one day to work longer.i probably have to choose wednesday,mis horas de trabajo han cambiado. tengo que elegir un día para trabajar más tiempo. probablemente tenga que elegir miércoles
English,Spanish,short term,término corto
Spanish,English,fregasuelo,Sink
German,Spanish,what did you do at the weekend,Que hiciste el fin de semana
Spanish,English,me olvidado mi moneta,I forgot my money
Spanish,English,repente,suddenly
Spanish,English,despedía,farewell
Spanish,English,idioma,language
Spanish,German,rendimiento,Leistung
Spanish,German,sandia,Wassermelone
English,Spanish,are you going to the airport,Vas al aeropuerto
Spanish,English,concha,shell
Spanish,German,entrenamiento,ausbildung
Spanish,English,entrenamiento,training
Spanish,German,depiladas,rasiert
Spanish,English,depiladas,shaved
Spanish,English,tengo que depilarme más a menudo que con otros métodos,I have to shave more often than with other methods
Spanish,English,alejando,putting away
Spanish,English,dispositivo fuente,source device
Spanish,English,dispositivo,device
Spanish,English,fuente,source
Spanish,English,desequilibradas,unbalanced
Spanish,English,valiente,brave
Spanish,English,hacarlo,make it
Spanish,English,no vuelve,does not come back
Spanish,English,fijamos,we set
Spanish,English,caída,drop
Spanish,English,formación,training
Spanish,English,que sea,to be
Spanish,English,para hacerlo,to do it
Spanish,English,que cubra,that covers
Spanish,English,por lo tanto,Thus
Spanish,English,no saca,does not remove
Spanish,German,impuido,unterstellte
Spanish,English,sobre todo,especially
Spanish,English,cojo,lame
Spanish,English,os doy,I give them to you
Spanish,English,hay si que,yes there is
Spanish,English,campojas,coaches
Spanish,English,enfermeria,Nursing
Spanish,English,fecha fichadas,date signed
Spanish,German,imbuido,durchdrungen
Spanish,English,tu haces ejercicio,you work out
English,Spanish,a lot of work,un montón de trabajo
Spanish,English,monton,heap
Spanish,English,si que bien,yes good
Spanish,German,arandanos,Preiselbeeren
Spanish,English,crujiente,crunchy
Spanish,English,encima.entre.detras.delante.entre.centro.debajo.,above. between. behind. in front. between. center. below.
English,Spanish,maybe one of the doctors can take a look.one of my crowns is shaky,tal vez uno de los médicos puede echar un vistazo. una de mis coronas es temblorosa
Spanish,English,coger,take
Spanish,English,jamás,Never
English,Spanish,the third from the back,el tercero de la espalda
English,Spanish,the third from the atras,el tercero desde atras
Spanish,English,descardos,droppings
Spanish,English,cualquier,any
Spanish,English,dudas,Doubts
Spanish,English,nivel,level
Spanish,English,pues,well
Spanish,English,mantar,keep
Spanish,English,mas pequeño interessa,smaller matter
Spanish,English,mas pequeño,smaller
Spanish,English,dejar de cluster,to stop clustering
Spanish,English,los modules tengan,the modules have
Spanish,English,manda la caja,send the box
Spanish,English,sudadera,sweatshirt
English,Spanish,i called yesterday,llamé ayer
English,Spanish,mushrooms,setas
Spanish,English,despierto,awake
Spanish,English,aburrido,bored
Spanish,English,le pequenita es mala,The little one is bad
Spanish,English,venido,I come
Spanish,English,hacermos una cosa,do one thing
English,Spanish,flat tire,neumático desinflado
English,Spanish,does it have a bathtub.When can i see the flat.,tiene una bañera ¿Cuándo puedo ver el piso?
Spanish,English,metas,goals
English,Spanish,so what time should i come by your house,"Entonces, ¿a qué hora debo pasar por tu casa?"
English,Spanish,i have the coffee outside,tengo el café afuera
Spanish,English,no trampas,no traps
Spanish,English,fichero adjunto,attached document
Spanish,English,mostrar,to show
Spanish,English,más fina,thinner
Spanish,English,con cualquiera,with anyone
Spanish,English,siguiendo,Following
Spanish,English,tanto como,as much as
Spanish,English,promesas,promises
English,Spanish,i have to go to the bathroom,tengo que ir al baño
English,Spanish,did you call me?,¿Me llamaste?
English,Spanish,hey man.i am not coming by your house today.next time..,Hey hombre. No voy a venir a tu casa hoy. la próxima vez..
English,Spanish,I would like to see the apartment.i have time after 15:30 every day except wednesday only after 18:30.,"Me gustaría ver el departamento. tengo tiempo después de las 15:30 todos los días, excepto el miércoles solo después de las 18:30."
English,Spanish,at 2 o'clock,a las 2 en punto
English,Spanish,one from each,uno de cada
Spanish,English,olla,cooking pot
English,Spanish,does it have a bathtub.when can i see the flat.,tiene una bañera cuando puedo ver el piso
Spanish,English,colchon,mattress
English,Spanish,the third from,el tercero de
English,Spanish,the third,el tercero
Spanish,English,tareas del hogar,homework
Spanish,English,demasiado tarde,too late
Spanish,English,grabado,Recorded
Spanish,English,el vello crece mas fuerte,the hair grows stronger
English,Spanish,what should i do when the swelling gets stronger,¿Qué debo hacer cuando la hinchazón se vuelve más fuerte?
English,Spanish,can you write me pain medicine,puedes escribirme medicina para el dolor
English,Spanish,i like to see the flat,me gusta ver el piso
Spanish,English,arrepentirse,to regret
Spanish,English,ruidoso,noisy
English,Spanish,team,equipo
Spanish,English,arreglar,fix
Spanish,English,sube,goes up
Spanish,English,que viene,coming
Spanish,English,jornada,working day
Spanish,English,bloqueante,blocking
Spanish,English,bastante,quite
Spanish,English,revision,review
Spanish,English,a las malas,to the bad
English,Spanish,who made this,quien hizo esto
Spanish,English,aclaremos,let's clarify
Spanish,English,lotes,batches
Spanish,English,equilibrio,balance
Spanish,English,liderazgo,leadership
Spanish,English,supervivencia,survival
Spanish,English,gestion,management
Spanish,English,despliegue,deployment
Spanish,English,retroalimentación,feedback
Spanish,English,bastante importante,pretty important
Spanish,English,ofrecer,offer
Spanish,English,ofreces,you offer
Spanish,English,medir el tiempo,measure the time
Spanish,English,muro,Wall
Spanish,English,sufrir,suffer
Spanish,English,desayuno,breakfast
Spanish,English,sentido,sense
Spanish,English,bastantes,enough
English,Spanish,do not forget,no olvides
Spanish,English,hemos echo,we have done
Spanish,English,ajeno,alien
Spanish,English,lo pasa nada,nothing happens
Spanish,English,entrega,delivery
English,Spanish,do not forget,no se olvide
English,Spanish,turn left at the corner,gira a la izquierda en la esquina
Spanish,English,fecha,date
Spanish,English,grave,serious
Spanish,English,gravedad,gravity
Spanish,English,traegas,bring
Spanish,English,fechas de entrega,Delivery dates
Spanish,English,madurez,maturity
Spanish,English,intentarlo,try it
Spanish,English,puestas de sol,sunsets
Spanish,English,media mañana,midmorning
Spanish,English,cajon,drawer
Spanish,English,atranca,lock
English,Spanish,i like to see the flat today,me gusta ver el piso hoy
English,Spanish,at what time is best for you?,¿A qué hora es mejor para ti?
Spanish,English,recien,newly
Spanish,English,traspaso de conocimiento,transfer of knowledge
Spanish,English,propuesta de modo de trabajo,proposal of work mode
Spanish,English,trampear,trick
Spanish,English,lo mete la configura,he puts it in the configuration
Spanish,English,decía,He said
Spanish,English,contestó,he answered
Spanish,English,piden,they ask
Spanish,English,arrancar,tear
Spanish,English,arrancar el coche,start the car
Spanish,English,"Bueno, yo no lo puse ahí.","Well, I did not put it there."
English,Spanish,information of membership,información de membresía
Spanish,English,tontito,silly
English,Spanish,technical debt,deuda técnica
English,Spanish,carrots,zanahorias
Spanish,English,desligamiento,disconnection
Spanish,English,retraso,delay
Spanish,English,al cabo de un tiempo,after a while
English,Spanish,itchy,picante
Spanish,English,carpetas,folders
Spanish,English,ninguna tarea marcada,no task checked
Spanish,English,mundial,world
Spanish,English,sucedió,it happened
Spanish,English,resumen,summary
Spanish,English,taggeada,tagged
Spanish,English,como lo conseguimos,how do we get it?
Spanish,English,sigo sin entender,I still do not understand
Spanish,German,No podría ser el principio de una hermosa amistad?,Könnte nicht der Beginn einer schönen Freundschaft sein?
Spanish,English,No podría ser el principio de una hermosa amistad?,Could not be the beginning of a beautiful friendship?
Spanish,English,Maniatado.-Parece uno de los atracadores,Handcuffed -It seems one of the robbers
Spanish,German,brochetas de pollo,Hühnerspieße
Spanish,English,brochetas de pollo,chicken skewers
Spanish,English,La cuál de los atracadores?,Which of the robbers?
Spanish,English,es el mas tonto,he is the dumbest
Spanish,English,porqué iba ella a hacer algo así?Es un acto suicida.,Why would she do something like that? It is a suicidal act.
Spanish,English,Porque ese macarra pegado un tiro.,Because that badass hit a shot.
Spanish,English,Le ha metido en un zulo ha aprovechado su miedo,He has put him in a trap and has taken advantage of his fear
Spanish,English,"es un plan desesperado,","it's a desperate plan,"
Spanish,English,Y no dije nada porque hay que respetar los tiempos.,And I did not say anything because you have to respect the times.
Spanish,English,"Sr. Torres, a mi despacho!","Mr. Torres, to my office!"
Spanish,English,"Sise nos atasca, tardaríamos entre tres y cuatro horas m","If it blocks us, it would take between three and four hours"
Spanish,English,"Mira, so mamarracho,","Look, you're bullshit,"
Spanish,English,que se va a cagar la perra.Vas a estar jodido,that the bitch is going to shit. You will be fucked
Spanish,English,"Salva, a mi ya me tienes en el bote, no hace falta que exageres.","Save, you already have me in the boat, you do not need to exaggerate."
Spanish,English,"Lo que pasa es que no contaba con ello,","What happens is that I did not count on it,"
Spanish,English,tocones,stumps
Spanish,English,quedese,stay
Spanish,English,he perdido la communication,I have lost communication
Spanish,English,perteneciente,belonging
Spanish,English,ESTE LA MONTANA ENTERA!!,THIS THE ENTIRE MOUNTAIN !!
Spanish,English,Ayer estuviste,Yesterday you were
English,Spanish,yesterday I was,Ayer estuve
Spanish,English,enseguida da voy para alla,"Right away, I'm going there."
Spanish,English,tengo que salir,I have to go out
Spanish,English,tu lo has dicho  es como estaba,you said it is how it was
Spanish,English,no decias que me conveniar descansar,you did not say that it was convenient for me to rest
Spanish,English,me parece incredible que tu digas eso,I find it incredible that you say that
Spanish,German,atrevete,wagen
Spanish,English,apoya applications,supports applications
Spanish,English,sepas,you know
Spanish,English,no sale nada,nothing comes out
Spanish,English,fijado,set
Spanish,English,me de coña,Fuck me
Spanish,English,tras,after
Spanish,English,yo soy así,I am so
Spanish,English,"Cobertura por daños Si coche alquilado presenta daños y tiene que repararse el usuario quizá tenga que pagar parte.Cuando vayas a recoger vehículo pregunta en el mostrador como puedes reducir el coste llámanos La responsabilidad para este vehículo es 1 200,00 €..","Coverage for damages If the rental car shows damage and has to be repaired, the user may have to pay part. When you go to collect vehicle ask at the counter how you can reduce the cost call us The responsibility for this vehicle is 1 200.00 € .."
Spanish,English,inquilino,tenant
Spanish,English,es un placer,It is a pleasure
Spanish,English,¡NO PUEDE ANDAR POR AQUI COMO si ESTUVIERA EN SU CASA!,YOU CAN NOT WALK THERE AS IF YOU WERE IN YOUR HOUSE!
Spanish,English,que manera de ensańarse,what a way to teach yourself
Spanish,English,se han ido,they left
Spanish,English,dudo que el móvil de este crimen fuera el robo,I doubt that the motive of this crime was robbery
Spanish,English,no hay rastros de,there are no traces of
Spanish,English,lo suyo costara averiguar si se han llevago algo o no,it will cost him to find out if they have taken something or not
Spanish,English,dudo que el movil de este crimen fuera el robo,I doubt that the motive of this crime was robbery
Spanish,English,acuerdo,agreement
Spanish,English,atrevete,dare yourself
Spanish,English,para que sepas,for your information
Spanish,English,"SE HAN ENCONTRADO DESPERDI GADOS LOS RESTOS DE UN ROBOT LLAMADO MONTBLANC,","THE REMAINS OF A ROBOT CALLED MONTBLANC HAVE BEEN FOUND,"
Spanish,English,cada posible respuesta,every possible answer
Spanish,English,antes de conseguirlo,before getting it
Spanish,English,zanjó,ditch
Spanish,English,atraco,robbery
Spanish,English,porque nunca he tenido tantas,because I've never had so many
Spanish,English,haz lo que tengas que hacer,Do what you have to do
Spanish,English,así que te doy mi más sincera enhorabuena,so I give you my sincere congratulations
Spanish,English,"el caminito de pistas para llevarnos a la finca de Toledo,","the path of tracks to take us to the Toledo estate,"
Spanish,English,Lo primero que haremos es sacar a los rehenes del sótano.,The first thing we will do is take the hostages out of the basement.
Spanish,English,Ya no tenemos tanta gente para vigilar a los rehenes.,We no longer have so many people to watch the hostages.
Spanish,English,pero no puedo obligar a ningún civil  a entrar ahi dentro.,but I can not force any civilian to go in there.
Spanish,English,"Pero usted no tiene por qué obligar a nadie, solo tiene que proponerlo.","But you do not have to force anyone, you just have to propose it."
Spanish,English,Vamos a soltar a los rehenes que tenemos en el sótano,We're going to release the hostages we have in the basement
Spanish,English,"Ahora soy un rehén, no contéis conmigo para nada.","Now I am a hostage, do not count on me at all."
Spanish,English,lo haga yo,I do it
Spanish,English,No menosprecies a alguien que sabe hacer bien su trabajo.,Do not despise someone who knows how to do his job well.
Spanish,German,No menosprecies a alguien que sabe hacer bien su trabajo.,"Verachte niemanden, der seine Arbeit gut machen kann."
Spanish,English,un plato de boquerones frescos?En base a que los atracadores,a plate of fresh anchovies? On the basis that the robbers
Spanish,English,tienen un tio fuera que no deja de ponernos la zancadilla.,They have a guy out there who keeps tripping us.
Spanish,English,de que fuera un intento de homicidio.,that it was an attempted homicide.
Spanish,English,ese tio estará entrando por la puerta del hospital,that guy will be coming through the hospital door
Spanish,English,para matarlo.Pero ahi estaremos para atraparlo,to kill it. But there we will be to catch him
Spanish,English,Que nadie apriete el gatillo a no ser en caso de peligro extremo.,No one squeeze the trigger except in case of extreme danger.
Spanish,English,Lo primero que vamos a hacer va a ser sacar Angel de donde esta,The first thing we are going to do is to take Angel out of where he is
Spanish,English,"y llevarlo a un lugar seguro.Para ello, tendremos que habilitar otra habitación en otra planta.","and take it to a safe place. For this, we will have to enable another room on another floor."
Spanish,English,es básico que cada cual esté en su puesto.,It is basic that everyone is in their position.
Spanish,English,"""Quiero que cada uno adopte su rol y se meta emél hasta médula","""I want everyone to adopt their role and get it up to the bone"
Spanish,English,"ni siquiera la propia del hospital, ni coches zeta en las inmediaciones.","not even the hospital itself, or zeta cars in the vicinity."
Spanish,English,"Joder, Raquel, ya te dije que no fue pelea.","Fuck, Rachel, I told you it was not a fight."
Spanish,English,La utopia de la colaboración... ha fracasado.,The utopia of collaboration ... has failed.
Spanish,English,Pero estamos todos preparados para que yo regrese al mando.,But we are all ready for me to return to command.
Spanish,English,aunque todos hemos sabido siempre que tú eres la bomba.,although we have all always known that you are the bomb.
Spanish,English,Por qué no están tus huellas en la base datos,Why are not your fingerprints in the database?
Spanish,German,omitidos,weggelassen
Spanish,English,omitidos,omitted
Spanish,English,proximos,next
Spanish,English,acabar con,finish with
Spanish,English,"y si no, un castigo épico os espera.","and if not, an epic punishment awaits you."
Spanish,English,delecadas,Deleted
Spanish,English,aunque no lo creas,believe it or not
Spanish,English,aspecto,appearance
Spanish,English,abierto la boca,open mouth
Spanish,English,los seguiree a ustedes,I will follow you
Spanish,English,los seguiré a,I will follow you to
Spanish,English,pongo los,I put the
Spanish,English,os dos,you two
Spanish,English,os habéis hecho daño,you have hurt yourself
Spanish,English,ya no os oigo,I do not hear you anymore
Spanish,English,lo prometo no te dire mas mentiras,I promise I will not tell you more lies
Spanish,German,os dos,ihr zwei
English,Spanish,yesterday I was continuing working on the tests for postgres,ayer seguí trabajando en las pruebas para postgres
English,Spanish,yesterday i was,Ayer estuve
German,Spanish,gestern habe ich weiter an den tests für postgres gearbeitet,Ayer seguí trabajando en las pruebas postgres
Spanish,German,bacalao,cod
Spanish,German,como un dolor de muelas,wie Zahnschmerzen
Spanish,German,quizás debería haber andado,vielleicht hätte ich gehen sollen
Spanish,German,la explosion me hace perder el agarre al avion,"Die Explosion bringt mich dazu, meinen Halt im Flugzeug zu verlieren"
Spanish,English,la explosion me hace perder el agarre al avion,the explosion makes me lose my grip on the plane
Spanish,German,tu estaba,du warst
Spanish,English,ambos son,Both are
English,Spanish,did you have a nice vacation,hizo usted tiene un buen de vacaciones
English,Spanish,did you have a nice vacation?,hizo usted tiene un buen vacaciones?
English,Spanish,what did you do,¿qué hizo
English,Spanish,I am thirsty I need to drink something,Tengo sed Necesito beber algo
Spanish,English,cabe,fit
Spanish,English,polémica,controversy
Spanish,English,pusieron,they put
Spanish,English,me tocan,They touch me
Spanish,English,es practica llaman,it's practice they call
German,Spanish,zum fäden ziehen,tirar al hilo
Spanish,English,moradas,purple
Spanish,English,despedir,fire
Spanish,English,conseguir,get
Spanish,German,"El PP, en su opinion, irepresenta la certeza",Der PP vertritt seiner Meinung nach die Gewissheit
German,Spanish,"wenn ich den zustimme, ohne Gericht hat das dann Nachteile mit dem Arbeitesamt.","si estoy de acuerdo, sin un tribunal de justicia, tendrá desventajas con la oficina de trabajo."
Spanish,English,"Menos Berlin,el fue el único que cumplie a rajatabla","Less Berlin, he was the only one who complied strictly"
Spanish,English,descanso un poco,I rest a little
English,Spanish,i was told to come back friday to make the appointment,me dijeron que volviera el viernes para hacer la cita
English,Spanish,i like to receive unemployment  money,me gusta recibir dinero por desempleo
Spanish,English,demandado,defendant
Spanish,English,demanfado,sued
Spanish,German,demanfado,verklagt
English,Spanish,pillow.blanket.bedspread,almohada. cobija. colcha
English,Spanish,anything else i have to do?,cualquier otra cosa que tenga que hacer?
English,Spanish,I did not find it,No lo encontré
Spanish,English,pura supervivencis,pure survival
Spanish,English,estas corriente,these current
English,Spanish,jealous,celoso
Spanish,English,prestaciones para para parados de larga,benefits for long-term unemployed
Spanish,English,así que si,so yes
Spanish,English,envio la informacion solicitada,I sent the requested information
Spanish,English,prorroga,extension
Spanish,German,tumban,klopfen
Spanish,English,tumban,knock
Spanish,German,no tiene pinta,es sieht nicht aus
Spanish,English,no tiene pinta,it does not look
Spanish,English,no tiene pinta bien,it does not look good
Spanish,English,por encima de todo,above all
Spanish,English,encima,above
Spanish,German,crimen y castigo,Verbrechen und Bestrafung
Spanish,German,otro delito,ein anderes Verbrechen
Spanish,German,dibujo,Zeichnung
Spanish,German,lecciones mas dura,härtere Lektionen
Spanish,German,despedido,gefeuert
Spanish,German,ladrón,Dieb
Spanish,German,atraco,Überfall
Spanish,German,que ya no depende de si mismo para ser primero,"das hängt nicht mehr von ihm selbst ab, um zuerst zu sein"
Spanish,English,averiguar,find out
Spanish,English,comodo,comfortable
Spanish,German,de los integrantes de la denominada generation,von den Mitgliedern der sogenannten Generation
Spanish,English,polemica,controversy
English,Spanish,water cooker,hervidor de agua
Spanish,English,distraigan,distract
German,Spanish,deine schwarzen hosen sind nicht im schrank,tus pantalones negros no están en el armario
Spanish,German,deciente,Entschuldigung
Spanish,English,a ti quedas,you stay
Spanish,German,picadero,Reiten
Spanish,English,premiado,prize
Spanish,English,quieto,still
Spanish,English,monovolumen,minivan
Spanish,English,estoy agotado,I'm tired
Spanish,English,hiciste,did
Spanish,English,me contó,He told me
Spanish,English,atentamente,Sincerely
Spanish,English,se marea,get dizzy
Spanish,English,trasera,rear
English,Spanish,because of this,Debido a esto
English,Spanish,the empresa brought me to spain and i dont speak spanish and now it is very hard for me to find work,la empresa me trajo a España y no hablo español y ahora es muy difícil para mí encontrar trabajo
Spanish,English,es muy duro,It is very hard
Spanish,English,congelador,freezer
Spanish,German,estanteria,Regal
Spanish,English,ya estamos hartos de espera,we are tired of waiting
German,Spanish,wir sind ärzte,somos doctores
German,Spanish,maria ist designer,Maria es diseñadora
Spanish,German,azafata,Stewardess
Spanish,German,nosotros tenemos,wir haben
English,Spanish,for that reazon,para que reazon
English,Spanish,my case is different from my colleagues that got fired,mi caso es diferente de mis colegas que fueron despedidos
English,Spanish,there was no warning given,no se dio ninguna advertencia
English,Spanish,i have just signed a rental contract and cannot leave madrid,acabo de firmar un contrato de alquiler y no puedo salir de Madrid
English,Spanish,i cannot receive unemployment money because i have not worked in spain 12 month,No puedo recibir dinero por desempleo porque no he trabajado en España 12 meses
English,Spanish,i have just signed a rental contract with my salary consideted and cannot leave madrid,acabo de firmar un contrato de alquiler con mi salario considerado y no puedo salir de Madrid
English,Spanish,i have just signed a rental contract with my salary considered and cannot leave madrid,acabo de firmar un contrato de alquiler con mi salario considerado y no puedo salir de Madrid
Spanish,English,afligida,afflicted
German,Spanish,ist juan cartera,es la cartera de juan
German,Spanish,atascos de tráfico,atascos de tráfico
Spanish,German,tendrán más facilidad es,wird mehr Leichtigkeit haben
Spanish,German,acuerdan modificar,zustimmen zu ändern
Spanish,German,el gato esta detras de la puerta,Die Katze ist hinter der Tür
Spanish,German,por lo tanto,deshalb
English,Spanish,watcher,vigilante
Spanish,German,vigilante,wachsam
Spanish,German,prorroga,verlängern
English,Spanish,i ask myself if there is anything else I have to do,Me pregunto si hay algo más que deba hacer
Spanish,English,me pregunto,I wonder
Spanish,English,me pregunto si,I wonder if
Spanish,English,me preguntaba,I was wondering
Spanish,English,me preguntan,They ask me
English,Spanish,can i ask you something,Puedo preguntarte algo
English,Spanish,you have to do what i say,tienes que hacer lo que digo
English,Spanish,anything else I have to do,cualquier otra cosa que tenga que hacer
English,Spanish,black fungus remover,removedor de hongos negro
English,Spanish,pencil sharpener,sacapuntas
English,Spanish,extension cord with several outlets,cable de extensión con varios enchufes
English,Spanish,nice to meet you,Encantada de conocerte
English,Spanish,coffee grinder,molinillo de café
German,Spanish,daumen,pulgar
German,Spanish,essig,vinagre
Spanish,English,ciudadania,citizenship
Spanish,English,beca,scholarship
Spanish,English,meaba,pissed
Spanish,English,parece usted preocupado,do you seem worried
Spanish,German,no habíamos quedado en que este era un vagón de no fumadores,"Wir hatten uns nicht darauf geeinigt, dass dies ein Nichtraucher-Auto war"
Spanish,German,qué es ese hedor,Was ist das für ein Gestank?
Spanish,English,qué es ese hedor,what is that stench
Spanish,English,qué agradable sabes que a uno lo que esperan,how nice you know what to expect
Spanish,English,que me contaste,what did you tell me
Spanish,English,siempre bronceado con gafas de pera,always tan with pear glasses
English,Spanish,siempre bronceado con gafas de pera,siempre bronceado con gafas de pera
English,Spanish,snoring,ronquidos
Spanish,English,si ustedes dicen que harán algo y no lo hacen lo lamentarán,if you say you will do something and you do not do it you will regret it
Spanish,English,yo no hice nada,I did nothing
Spanish,English,recuerdas lo que te dije de nuestra luz,Remember what I told you about our light
Spanish,English,sigo sintiendo lo mismo,I still feel the same
Spanish,German,Siempre te llevaré en el corazón.,Ich werde dich immer im Herzen nehmen.
Spanish,German,quítate de aquí,Verschwinde von hier
Spanish,English,escóndete,hide
Spanish,English,jamás a huir de mi,never to flee from me
Spanish,English,no temas por mí,do not fear for me
Spanish,English,tenía que,I had to
Spanish,English,no ha podido,has not been able
Spanish,English,conocer a la mismo,know the same
Spanish,English,los ingresos,income
Spanish,English,de los servicios con los que  queramos contar o del tipo de billete que deseemos,of the services that we want to have or the type of ticket we want
Spanish,English,como fijan,how they fix
Spanish,English,por qué has hecho tal cosa,why have you done such a thing
Spanish,English,is chispa,is spark
Spanish,English,tienes ganas de que encuentres pareja o le da un poco de celos,you want to find a partner or a little jealous
Spanish,English,la vida sencilla es mejor,the simple life is better
Spanish,German,la vida sencilla es mejor,das einfache Leben ist besser
Spanish,English,sin gustos estrafalarios y una persona bastante sencilla,without quirky tastes and a pretty simple person
Spanish,English,yo considero la sabiduria como un gran esfera,I consider wisdom as a great sphere
Spanish,English,una persona imprevisible,an unpredictable person
Spanish,English,llego,I arrive
Spanish,German,bastante,hübsch
Spanish,German,senderismo,Wandern
Spanish,German,clandestino,heimlich
Spanish,German,paralizada,gelähmt
Spanish,German,fijamente,fest
English,Spanish,i was hurting my thumb two month ago playing basketball.it was never blue.it got after 4 weeks and I hoped it was only a sprain.now it hurts and does not get better.also it does not bend like the other hand.the thumb curva strange.I like an xray,Me estaba lastimando el pulgar hace dos meses jugando al baloncesto. nunca fue azul. llegó después de 4 semanas y esperaba que fuera solo un esguince. ahora duele y no mejora. tampoco se dobla como la otra mano. el pulgar curva extraño. Me gusta una radiografía
Spanish,English,truco,trick
Spanish,English,librado,freed
Spanish,English,esperanza,hope
English,Spanish,yesterday i saw a big snake,ayer vi una gran serpiente
Spanish,English,ligar,flirt
Spanish,English,yo no soy pija,I'm not naughty
English,Spanish,neck,cuello
Spanish,English,sordos,deaf
Spanish,English,halagado,flattered
Spanish,German,robin dido que sus cenizas fueron esparcidas en la bahía de San Francisco,"Robin sagte, seine Asche sei in der San Francisco Bay verstreut"
Spanish,English,ya lo verás,you will see
Spanish,English,que colocó su libro,who placed his book
Spanish,English,habia estado pensado,had been thought
Spanish,English,de estar casi pisamos a boli,to be almost stepped on a pen
Spanish,English,hacía,toward
Spanish,English,había,there was
Spanish,English,aparcado,parked
Spanish,German,puso los zapatas en la caja,Leg die Schuhe in die Schachtel
Spanish,English,miedo,fear
Spanish,English,sobremesa,desktop
Spanish,English,ha sido registrada,has been registered
English,Spanish,turn on the lights,enciende las luces
Spanish,English,temporizador,timer
English,Spanish,turn off the lights,apagar las luces
Spanish,English,demasiados,too many
Spanish,English,fijamente,fixedly
Spanish,English,sucedido,happened
Spanish,English,cascabel,Jingle Bell
Spanish,English,llevándonos,taking us
Spanish,English,parpadear,flashing
Spanish,English,se hunde,sinks
Spanish,English,vinculando,linking
Spanish,English,desconocido,unknown
Spanish,English,tiempo de espera de pantalla,Screen timeout
Spanish,German,previsto,geplant
English,Spanish,I received a payment and want to make sure that everything is correct,Recibí un pago y desea asegurarse de que todo lo que es correcto
English,Spanish,i started working in July and are the payments I have received for the 2 month where I had no job,Comencé a trabajar en julio y son los pagos que recibí por los 2 meses en los que no tenía trabajo.
Spanish,English,acoja,admit
Spanish,English,consejos,tips
Spanish,English,me dio,gave me
English,Spanish,most likely,más probable
Spanish,English,que coloco su libro en la mitad para compartirlo,that I put your book in the middle to share it
Spanish,English,tomo el otro,I take the other
Spanish,English,Pero si veo que no puedes navegar esas aguas... te coloco de vuelta en las calles.,But if I see that you can't browse these waters ... you placed back in the streets.
Spanish,English,En vez de,Rather than
Spanish,English,Necesitamos estropearnos de vez en cuando,We need to spoil ourselves from time to time
Spanish,German,reinaba,regierte
Spanish,English,reinaba,reigned
Spanish,English,majo,nice
Spanish,English,"comilonas, cacerias,","feasts, hunts,"
Spanish,English,ni andar por ahi haciendo,do not walk around doing
Spanish,English,capaz de,able to
Spanish,English,cuando llegaba,when it arrived
Spanish,English,cosechas,crops
Spanish,English,fontaneria,plumbing
German,Spanish,travieso,Travieso
Spanish,German,travieso,böse
Spanish,English,travieso,naughty
Spanish,German,resiliente,belastbar
Spanish,English,resiliente,resilient
English,Spanish,looking,mirando
Spanish,English,leyendo,reading
Spanish,English,estudiando,studying
German,Spanish,meerrettich,rábano picante
German,English,meerrettich,horseradish
Spanish,English,salvo,except
Spanish,English,le avisaran,you will be notified
Spanish,English,"Los ánimos se han ido calmando, pero aún hay mucha gente con dudas sobre su funcionamiento","The moods have calmed down, but there are still many people with doubts about its operation"
Spanish,English,"qué hago si voy con mi coche con la intención de aparcar en un parking del centro, pero está lleno?","What do I do if I go with my car with the intention of parking in a downtown parking lot, but is it full?"
Spanish,English,salvo que fuera sin darse cuenta,unless was unaware
Spanish,English,Sois pareja hace mucho tiempo?: No. Cuatro meses.,Are you a couple long time ago ?: No. Four months.
German,Spanish,taschentuch,pañuelo
Spanish,English,extrañeza,strangeness
Spanish,German,habrá colado un virus sin que lo sepas,"wird einen Virus belastet haben, ohne dass Sie es wissen"
English,Spanish,i like to have my coffee outside,me gusta tomar mi cafe afuera
English,Spanish,puño my stitches,puño mis puntadas
Spanish,English,abarrotada,crowded
Spanish,English,no tienen cabida,they have no place
Spanish,German,renqueante,lahm
Spanish,German,supuestamente,angeblich
Spanish,English,supuestamente,supposedly
English,Spanish,can you order this color for me,puedes pedir este color para mi
Spanish,English,fijate en,look at
Spanish,English,fíjate,notice
Spanish,German,fíjate,schau
English,Spanish,who are you,quién eres tú
English,Spanish,why are you calling,por qué está llamando
German,Spanish,why are you calling,porque estas llamando
English,Spanish,i like to request unemployment.,Me gusta solicitar el paro.
German,Spanish,ein größerer spalt,una brecha más grande
Spanish,English,haya oido,I heard
English,Spanish,i was fired from my job on thursday,el jueves fui despedido de mi trabajo
English,Spanish,my company wants to ask sanitas if i can get a better deal because i was insured with them before,Mi compañía quiere preguntar a Sanitas si puedo obtener un mejor trato porque antes estaba asegurado con ellos.
Spanish,German,supuesta violación cometida,angeblicher Verstoß begangen
English,Spanish,is there more i have to do,hay mas que tengo que hacer
English,Spanish,the man told me to comeback,el hombre me dijo que volviera
English,Spanish,how much and how long,cuanto y cuanto tiempo
Spanish,English,merece la pena,worth
German,Spanish,rechtsstreitigkeit zwischen mir und meiner ex firma,disputa legal entre mi ex empresa y yo
Spanish,English,comilonas,feasts
Spanish,English,no le gustaban las guerras.ni   las grandes comilonas.ni las cacerías.ni andar por ahi haciendo el bobo.,He did not like wars. nor the big feasts. nor the hunts. Do not walk around doing the fool.
Spanish,German,atrévete,wagen
English,Spanish,liver,hígado
Spanish,English,no te das por vencido,you do not give up
Spanish,English,blindarse,shield yourself
English,Spanish,what did i have last time,¿Qué tuve la última vez?
English,Spanish,what did i have the last time,que tuve la ultima vez
English,Spanish,Bark,Ladrar
Spanish,English,vete,go away
Spanish,English,de sufrir roces tontos conaladun vecino,to suffer foolish friction with a neighbor
English,Spanish,now we have proof,ahora tenemos pruebas
Spanish,English,intenté comprarla sin éxito.,I tried to buy it without success.
Spanish,English,señor Torres si estuvieras en mi lugar,"Mr. Torres, if you were in my place"
Spanish,English,unas cosas quedan,some things are left
Spanish,German,todas estabas tan plácido en esa hora del amanecer,Sie waren alle so ruhig in dieser Morgenstunde
Spanish,German,que parecía que el plan iba sobre ruedas,"Es schien, dass der Plan reibungslos verlief"
Spanish,English,que parecía que el plan iba sobre ruedas,that it seemed that the plan was going smoothly
Spanish,English,así que si alguien quería jodernos,so if someone wanted to fuck us
Spanish,English,estoy desbordada,I'm overwhelmed
Spanish,German,estoy desbordada,Ich bin überwältigt
Spanish,English,estoy desbordada con trabajo,I'm overwhelmed with work
Spanish,German,rodeada,umgeben
Spanish,English,rodeada,surrounded
Spanish,English,la que se avecina,the one that is coming
English,Spanish,Hello I like to reserve a medium size locker for the month of April and maybe longer.I have a seat mi filled with bags and one tv size 100cm.can you please confirm my reservation for 01.04.2019 -,"Hola, me gusta reservar un casillero de tamaño mediano para el mes de abril y quizás más. Tengo un asiento lleno de bolsas y un televisor de 100 cm. ¿Puede por favor confirmar mi reserva para 01.04.2019 -"
English,Spanish,i was told that there could be a little irritation.this morning i woke up and had a liitle pocket below my gums,Me dijeron que podría haber un poco de irritación. esta mañana me desperté y tenía un bolsillo pequeño debajo de mis encías
English,Spanish,i have a feeling that,tengo la sensación de que
English,Spanish,i can bring you the originals,puedo traerte los originales
English,Spanish,i send my documents on friday,envio mis documentos el viernes
Spanish,English,No pero bueno estamos llegando vamos a mirar una cosa,"No, but we're coming, let's look at something"
English,Spanish,padlock,candado
Spanish,English,he gastado much dinero,I have spent a lot of money
Spanish,English,nadie me quiere,nobody loves Me
English,Spanish,loose or tight,suelto o apretado
Spanish,English,atropella,run over
Spanish,English,atrévete,dare yourself
Spanish,German,de sufrir roces tontos conaladun vecino,dumme Reibung mit einem Nachbarn erleiden
Spanish,English,encontado,found
Spanish,English,vencido,defeated
English,Spanish,sticker for a locker,pegatina para un armario
Spanish,English,cuelga el teléfono,hang up
Spanish,English,no debiste hacer eso,you should not do that
English,Spanish,could you do me a favor,Podrías hacerme un favor
Spanish,English,quieres que se la quede Beth,You want Beth to keep it
Spanish,English,quieres que se la quede,You want me to keep it
Spanish,English,Rasguño,Scratch
Spanish,English,metiéndose,getting in
Spanish,English,a sido,has been
Spanish,English,tendra,will have
English,Spanish,we will have,tendremos
English,Spanish,I lived in Madrid for two years,Viví en madrid durante dos años
Spanish,English,a que macOS se queja,to which macOS complains
Spanish,English,queja,complain
Spanish,English,claro que si,of course
Spanish,German,travieso,ungezogen